Workbook

Sheet Read Me
A1: PAYROLL ANALYST PORTFOLIO STARTER
A2: Purpose | B2: A practice project using fictional data only. Do not add employer or real employee information.
A3: Project 1 | B3: Reconcile payroll register vs. expected pay; flag exceptions; summarize variance.
A4: Project 2 | B4: Track payroll queries and SLA due dates using synthetic case data.
A5: How to use | B5: Review the Payroll Register and Case Tracker sheets; inspect formulas; create a pivot table or dashboard.
A6: Important | B6: This is a learning template, not a statutory payroll calculator. Tax and deduction values are illustrative only.
A7: Portfolio deliverables | B7: 1) Screenshot dashboard 2) One-page case study 3) 3 insights and recommendations 4) Short explanation of checks.
A8: Interview story | B8: Explain the problem, validation logic, exceptions identified, control recommendations, and limitations.

Sheet Payroll Register
A1: Employee ID | B1: Department | C1: Pay Period | D1: Base Pay (₹) | E1: Allowances (₹) | F1: Deductions (₹) | G1: Expected Net Pay (₹) | H1: Processed Net Pay (₹) | I1: Variance (₹) | J1: Review Status
A2: EMP001 | B2: Operations | C2: Oct-2026 | D2: 42000 | E2: 3500 | F2: 4200 | G2: =D2+E2-F2 -> 41300 | H2: 41300 | I2: =H2-G2 -> 0 | J2: =IF(ABS(I2)<1,"Matched","Investigate") -> Matched
A3: EMP002 | B3: Finance | C3: Oct-2026 | D3: 51000 | E3: 4000 | F3: 5600 | G3: =D3+E3-F3 -> 49400 | H3: 48900 | I3: =H3-G3 -> -500 | J3: =IF(ABS(I3)<1,"Matched","Investigate") -> Investigate
A4: EMP003 | B4: HR | C4: Oct-2026 | D4: 38500 | E4: 2500 | F4: 3100 | G4: =D4+E4-F4 -> 37900 | H4: 37900 | I4: =H4-G4 -> 0 | J4: =IF(ABS(I4)<1,"Matched","Investigate") -> Matched
A5: EMP004 | B5: Operations | C5: Oct-2026 | D5: 47000 | E5: 3000 | F5: 4700 | G5: =D5+E5-F5 -> 45300 | H5: 46300 | I5: =H5-G5 -> 1000 | J5: =IF(ABS(I5)<1,"Matched","Investigate") -> Investigate
A6: EMP005 | B6: Technology | C6: Oct-2026 | D6: 62000 | E6: 5000 | F6: 7200 | G6: =D6+E6-F6 -> 59800 | H6: 59800 | I6: =H6-G6 -> 0 | J6: =IF(ABS(I6)<1,"Matched","Investigate") -> Matched
A7: EMP006 | B7: Finance | C7: Oct-2026 | D7: 44500 | E7: 2800 | F7: 3900 | G7: =D7+E7-F7 -> 43400 | H7: 42900 | I7: =H7-G7 -> -500 | J7: =IF(ABS(I7)<1,"Matched","Investigate") -> Investigate
A8: EMP007 | B8: Technology | C8: Oct-2026 | D8: 58000 | E8: 4500 | F8: 6800 | G8: =D8+E8-F8 -> 55700 | H8: 55700 | I8: =H8-G8 -> 0 | J8: =IF(ABS(I8)<1,"Matched","Investigate") -> Matched
A9: EMP008 | B9: HR | C9: Oct-2026 | D9: 36000 | E9: 2200 | F9: 2900 | G9: =D9+E9-F9 -> 35300 | H9: 35300 | I9: =H9-G9 -> 0 | J9: =IF(ABS(I9)<1,"Matched","Investigate") -> Matched
A10: EMP009 | B10: Operations | C10: Oct-2026 | D10: 49500 | E10: 3200 | F10: 5100 | G10: =D10+E10-F10 -> 47600 | H10: 46600 | I10: =H10-G10 -> -1000 | J10: =IF(ABS(I10)<1,"Matched","Investigate") -> Investigate
A11: EMP010 | B11: Finance | C11: Oct-2026 | D11: 53000 | E11: 4100 | F11: 5900 | G11: =D11+E11-F11 -> 51200 | H11: 51200 | I11: =H11-G11 -> 0 | J11: =IF(ABS(I11)<1,"Matched","Investigate") -> Matched
A12: EMP011 | B12: Technology | C12: Oct-2026 | D12: 67500 | E12: 5200 | F12: 7900 | G12: =D12+E12-F12 -> 64800 | H12: 64800 | I12: =H12-G12 -> 0 | J12: =IF(ABS(I12)<1,"Matched","Investigate") -> Matched
A13: EMP012 | B13: Operations | C13: Oct-2026 | D13: 40500 | E13: 2600 | F13: 3700 | G13: =D13+E13-F13 -> 39400 | H13: 39900 | I13: =H13-G13 -> 500 | J13: =IF(ABS(I13)<1,"Matched","Investigate") -> Investigate

Sheet Case Tracker
A1: Case ID | B1: Category | C1: Priority | D1: Received Date | E1: SLA (Days) | F1: Due Date | G1: Resolved Date | H1: Status | I1: Resolution Days | J1: SLA Result
A2: CASE001 | B2: Net pay discrepancy | C2: High | D2: 46296 | E2: 2 | F2: =D2+E2 -> 46298 | G2: 46297 | H2: Resolved | I2: =IF(G2="","",G2-D2) -> 1 | J2: =IF(H2<>"Resolved","Pending",IF(I2<=E2,"Within SLA","Breach")) -> Within SLA
A3: CASE002 | B3: Compensation change | C3: Medium | D3: 46297 | E3: 3 | F3: =D3+E3 -> 46300 | G3: 46300 | H3: Resolved | I3: =IF(G3="","",G3-D3) -> 3 | J3: =IF(H3<>"Resolved","Pending",IF(I3<=E3,"Within SLA","Breach")) -> Within SLA
A4: CASE003 | B4: Deduction query | C4: Low | D4: 46299 | E4: 5 | F4: =D4+E4 -> 46304 | H4: Open | I4: =IF(G4="","",G4-D4) | J4: =IF(H4<>"Resolved","Pending",IF(I4<=E4,"Within SLA","Breach")) -> Pending
A5: CASE004 | B5: Overpayment review | C5: High | D5: 46300 | E5: 2 | F5: =D5+E5 -> 46302 | G5: 46303 | H5: Resolved | I5: =IF(G5="","",G5-D5) -> 3 | J5: =IF(H5<>"Resolved","Pending",IF(I5<=E5,"Within SLA","Breach")) -> Breach
A6: CASE005 | B6: Leave / absence impact | C6: Medium | D6: 46303 | E6: 3 | F6: =D6+E6 -> 46306 | H6: In Progress | I6: =IF(G6="","",G6-D6) | J6: =IF(H6<>"Resolved","Pending",IF(I6<=E6,"Within SLA","Breach")) -> Pending
A7: CASE006 | B7: Payroll adjustment | C7: High | D7: 46305 | E7: 2 | F7: =D7+E7 -> 46307 | G7: 46306 | H7: Resolved | I7: =IF(G7="","",G7-D7) -> 1 | J7: =IF(H7<>"Resolved","Pending",IF(I7<=E7,"Within SLA","Breach")) -> Within SLA
A8: CASE007 | B8: Payslip request | C8: Low | D8: 46307 | E8: 5 | F8: =D8+E8 -> 46312 | G8: 46309 | H8: Resolved | I8: =IF(G8="","",G8-D8) -> 2 | J8: =IF(H8<>"Resolved","Pending",IF(I8<=E8,"Within SLA","Breach")) -> Within SLA
A9: CASE008 | B9: Tax data query | C9: Medium | D9: 46309 | E9: 3 | F9: =D9+E9 -> 46312 | H9: Open | I9: =IF(G9="","",G9-D9) | J9: =IF(H9<>"Resolved","Pending",IF(I9<=E9,"Within SLA","Breach")) -> Pending

Sheet Summary
A1: PAYROLL RECONCILIATION SUMMARY | B1: Value
A2: Employees reviewed | B2: =COUNTA('Payroll Register'!A2:A13) -> 12
A3: Matched records | B3: =COUNTIF('Payroll Register'!J2:J13,"Matched") -> 7
A4: Records to investigate | B4: =COUNTIF('Payroll Register'!J2:J13,"Investigate") -> 5
A5: Total absolute variance (₹) | B5: =SUMPRODUCT(ABS('Payroll Register'!I2:I13)) -> 3500
A6: Net variance (₹) | B6: =SUM('Payroll Register'!I2:I13) -> -500
A7: Cases tracked | B7: =COUNTA('Case Tracker'!A2:A9) -> 8
A8: Resolved cases | B8: =COUNTIF('Case Tracker'!H2:H9,"Resolved") -> 5
A9: SLA breaches | B9: =COUNTIF('Case Tracker'!J2:J9,"Breach") -> 1
A10: Pending cases | B10: =COUNTIF('Case Tracker'!J2:J9,"Pending") -> 3
A12: Portfolio narrative prompt | B12: Write 3 observations and 2 control recommendations after reviewing results.

Sheet Dept Variance
A1: Department | B1: Net Variance (₹)
A2: Operations | B2: 500
A3: Finance | B3: -1000
A4: HR | B4: 0
A5: Technology | B5: 0
